,question,response,answer,p_true,true_answer,correct,inject_cot
0,Chronic urethral obstruction due to benign prismatic hyperplasia can lead to the following change in kidney parenchyma,"Chronic urethral obstruction due to benign prostatic hyperplasia can lead to a variety of changes in the kidneys due to the prolonged back pressure and reduced urine flow. When the kidneys are subjected to chronic obstruction, the affected kidney tissue can become damaged over time. 

In this case, the most likely change in kidney parenchyma due to chronic obstruction would be atrophy. Atrophy refers to the decrease in size and function of an organ or tissue, which is consistent with the effects of prolonged urethral obstruction leading to reduced perfusion and function of the renal tissue.

Therefore, the correct answer is:

The final answer is C.",C,0.9999991683040784,C,True,"To arrive at the correct answer for the question about the changes in kidney parenchyma due to chronic urethral obstruction from benign prostatic hyperplasia, I will break down the reasoning step-by-step:

1. **Understanding the Condition**: Chronic urethral obstruction, particularly due to benign prostatic hyperplasia (BPH), leads to increased pressure in the urinary tract. This obstruction can impede normal urine flow, resulting in back pressure that can affect the kidneys.

2. **Effects of Obstruction on Kidney Function**: When urine cannot flow freely from the kidneys to the bladder, the kidneys can experience several pathological changes. The sustained pressure can lead to alterations in kidney function and structure.

3. **Key Terms in the Options**:
   - **Hyperplasia**: An increase in the number of cells, which typically occurs in response to a stimulus (such as hormonal).
   - **Hypertrophy**: An increase in the size of cells, often in response to increased workload or demand.
   - **Atrophy**: A decrease in the size of an organ or tissue, often due to disuse, loss of stimulation, or decreased blood flow.
   - **Dysplasia**: An abnormal development of tissue, which can be indicative of precancerous changes.

4. **Identifying the Most Likely Change**: 
   - In the context of chronic urethral obstruction, the kidneys are likely to undergo atrophy. This is because the persistent back pressure and reduced blood flow would lead to cellular damage and a decrease in the size and function of the renal parenchyma.
   - Hyperplasia and hypertrophy are less likely because there is no increased demand or stimulus for the kidney tissue to grow in this scenario. Instead, the kidneys are under stress and not functioning normally.
   - Dysplasia is also less likely, as it pertains more to abnormal cellular growth rather than the atrophy associated with obstruction.

5. **Conclusion**: Based on the pathophysiology of chronic urethral obstruction, the most appropriate answer is atrophy, as the kidney tissue diminishes in size and function due to the prolonged effects of the obstruction.

Thus, after carefully considering each option and the pathological processes involved, I reaffirm that the correct answer is:

The final answer is C."
1,"Following endaerectomy on the right common carotid, a patient is found to be blind in the right eye. It is appears that a small thrombus embolized during surgery and lodged in the aery supplying the optic nerve. Which aery would be blocked?","The question describes a situation where a patient experiences blindness in the right eye after undergoing an endarterectomy on the right common carotid artery, likely due to an embolism affecting the blood supply to the optic nerve.

The primary blood supply to the retina and the optic nerve is through the central artery of the retina, which branches off from the ophthalmic artery. If a thrombus were to block this artery, it would lead to ischemia of the retina and potentially result in blindness.

Let's analyze the options:

A: Central artery of the retina - This artery supplies the retina and is crucial for vision. An embolism here would indeed cause blindness.

B: Infraorbital artery - This artery supplies the region below the eye and does not directly supply the retina or optic nerve.

C: Lacrimal artery - This artery supplies the lacrimal gland and does not contribute to the blood supply of the retina or optic nerve.

D: Nasociliary artery - This artery supplies parts of the nasal cavity and the ethmoidal sinuses and is not primarily responsible for the blood supply to the optic nerve or retina.

Given that the blindness is due to an embolism affecting the blood supply to the optic nerve, the most likely artery that would be blocked in this scenario is the central artery of the retina.

Thus, the correct answer is A: Central artery of the retina.

The final answer is A.",A,0.9999999123142256,A,True,"Certainly! Let's take a closer look at the scenario presented in the question and the options provided.

### Step-by-Step Analysis

1. **Understanding the Scenario**: 
   - The patient underwent an endarterectomy on the right common carotid artery. This procedure is often performed to remove plaque from the artery to restore blood flow.
   - Post-surgery, the patient is found to be blind in the right eye. This suggests that there has been a disruption in the blood supply to the structures responsible for vision in that eye.

2. **Identifying the Cause of Blindness**:
   - The question states that a small thrombus (blood clot) embolized during surgery and lodged in an artery supplying the optic nerve. This indicates that the thrombus interrupted the blood supply necessary for normal vision.

3. **Determining the Relevant Blood Supply**:
   - The optic nerve is primarily supplied by the central artery of the retina (which branches from the ophthalmic artery). This artery is critical for delivering oxygen and nutrients to the retina.
   - If the central artery of the retina is occluded (blocked), it can lead to central retinal artery occlusion, which results in sudden vision loss or blindness.

4. **Evaluating the Options**:
   - **A: Central artery of the retina**: This artery directly supplies the retina and is essential for vision. Occlusion here would cause blindness.
   - **B: Infraorbital artery**: This artery supplies the area below the eye but does not supply the retina or optic nerve directly. Blockage here would not cause blindness.
   - **C: Lacrimal artery**: This artery supplies the lacrimal gland and surrounding tissues, not the retina or optic nerve. It is not relevant for vision.
   - **D: Nasociliary artery**: This artery supplies parts of the nasal cavity and other structures, but it does not supply the retina or optic nerve directly. An embolism here would not cause blindness.

5. **Conclusion**:
   - The critical artery affected in the case of sudden blindness due to an embolic event related to the endarterectomy is the central artery of the retina. This artery's blockage would lead to ischemia of the retina, resulting in vision loss.

### Final Thoughts
Based on the analysis, the most logical and medically accurate conclusion is that the central artery of the retina is the artery that would be blocked, leading to the patient's blindness in the right eye. 

Therefore, the answer is confidently determined to be:

The final answer is A."
2,Which vitamin is supplied from only animal source:,"To determine which vitamin is supplied solely from animal sources, let's analyze the options:

A: **Vitamin C** - This vitamin is found in various fruits and vegetables, such as oranges, strawberries, and bell peppers. It is not exclusively from animal sources.

B: **Vitamin B7 (Biotin)** - This vitamin can be found in both animal and plant sources, including eggs, nuts, and certain vegetables. Thus, it is not limited to animal sources.

C: **Vitamin B12** - This vitamin is primarily found in animal products, such as meat, fish, eggs, and dairy. It is not typically found in plant sources, making it the only vitamin on this list that is supplied solely from animal sources.

D: **Vitamin D** - While vitamin D can be obtained from animal sources like fatty fish and liver, it can also be synthesized by the body when exposed to sunlight, and some fortified foods (including plant-based ones) can provide vitamin D as well.

Based on this analysis, the vitamin provided exclusively from animal sources is Vitamin B12.

The final answer is C.",C,0.9999999894623095,C,True,"Sure! Let's break down the reasoning step by step for the medical question regarding which vitamin is supplied only from animal sources.

### Step 1: Understand the Question
The question asks which vitamin is exclusively obtained from animal sources. This means we need to identify a vitamin that does not have any significant plant-based sources.

### Step 2: Analyze Each Option
Letâ€™s go through the options one by one:

#### A: Vitamin C
- **Sources**: Vitamin C is widely distributed in fruits and vegetables, such as oranges, kiwis, strawberries, and bell peppers.
- **Conclusion**: Since it is abundant in plant sources, it cannot be the correct answer.

#### B: Vitamin B7 (Biotin)
- **Sources**: Biotin can be found in various foods, including egg yolks (animal source), nuts, seeds, and some vegetables.
- **Conclusion**: Biotin is not exclusively from animal sources, as it can also be obtained from plants.

#### C: Vitamin B12
- **Sources**: Vitamin B12 is primarily found in animal products, such as meat, fish, poultry, eggs, and dairy. It is not naturally present in plant foods.
- **Conclusion**: Since B12 is only found in animal products, it fits the criteria of being supplied exclusively from animal sources.

#### D: Vitamin D
- **Sources**: Vitamin D can be obtained from animal sources, such as fatty fish and fortified dairy products. However, it can also be synthesized by the body when skin is exposed to sunlight, and some plant-based foods are fortified with vitamin D as well.
- **Conclusion**: Because vitamin D is not solely from animal sources (due to sunlight synthesis and fortified foods), it cannot be the correct answer.

### Step 3: Compare and Select the Correct Answer
From the analysis:
- **Vitamin C** (A): Not from animal sources.
- **Vitamin B7** (B): Not exclusive to animal sources.
- **Vitamin B12** (C): Exclusively from animal sources.
- **Vitamin D** (D): Not exclusive to animal sources.

### Step 4: Confirm the Selection
Vitamin B12 is uniquely supplied from animal sources, making it the correct answer to the question.

### Conclusion
After carefully analyzing the sources of each vitamin, I confirmed that Vitamin B12 is the only vitamin that is supplied exclusively from animal sources. 

Thus, the reasoning supports that the answer is indeed correct.

The final answer is C."
3,Growth hormone has its effect on growth through?,"To answer the question about how growth hormone exerts its effects on growth, we should consider the mechanisms involved.

Growth hormone (GH) primarily promotes growth indirectly through its stimulation of insulin-like growth factor 1 (IGF-1) production in the liver and other tissues. IGF-1 is a key mediator that facilitates the growth-promoting actions of GH, thus making option B the most relevant.

Let's analyze the options:

A: Directly - While GH does have some direct effects, the primary growth effects are mediated through IGF-1, so this is not the best answer.

B: IGF-1 - This is the correct answer, as GH stimulates the production of IGF-1, which in turn promotes growth in various tissues.

C: Thyroxine - Thyroxine (T4) is a thyroid hormone that influences metabolism and development, but it is not directly involved in the primary action of growth hormone.

D: Intranuclear receptors - While some hormones act through intranuclear receptors, GH primarily acts through the stimulation of IGF-1 rather than directly affecting gene expression in this manner.

Given this reasoning, the best answer is B.

The final answer is B.",B,0.9999982381203918,B,True,"Certainly! Let's break down the question thoroughly and analyze each option step by step.

### Question: 
""Growth hormone has its effect on growth through?""

### Understanding Growth Hormone (GH):
1. **Role of Growth Hormone**: Growth hormone is a peptide hormone secreted by the anterior pituitary gland. It plays a crucial role in growth, metabolism, and body composition.
  
2. **Mechanism of Action**: GH has both direct effects (such as stimulating the growth of bone and muscle) and indirect effects (primarily through the stimulation of IGF-1 production).

### Analyzing the Options:
Now let's examine each option provided in the question.

#### Option A: Directly
- **Analysis**: This option suggests that GH acts directly to promote growth. While GH does have direct effects on certain tissues, its most significant growth-promoting actions are mediated through IGF-1. Therefore, this option is partially correct but not the best answer since it lacks the specificity of the primary mechanism.

#### Option B: IGF-1
- **Analysis**: This option identifies IGF-1 (Insulin-like Growth Factor 1) as the mediator of GH's effects on growth. When GH is released, it stimulates the liver and other tissues to produce IGF-1, which then has systemic effects on growth, including stimulating chondrocyte (cartilage cell) proliferation and enhancing muscle protein synthesis. This aligns well with the established understanding of GH's action, making this option the most accurate.

#### Option C: Thyroxine
- **Analysis**: Thyroxine (T4) is a thyroid hormone that influences metabolism and growth, but it does not mediate the actions of growth hormone. While thyroid hormones are important for overall growth and development, they do not directly relate to the mechanism by which GH operates. Therefore, this option is incorrect.

#### Option D: Intranuclear receptors
- **Analysis**: Intranuclear receptors are a mechanism through which certain steroid hormones exert their effects by binding to receptors in the nucleus and influencing gene expression. Growth hormone, however, primarily acts through the signaling pathways that lead to IGF-1 production and does not operate mainly through intranuclear receptors. Hence, this option is also incorrect.

### Conclusion:
After evaluating all the options, it is clear that the most accurate answer is option B: IGF-1, as it directly reflects the mechanism through which growth hormone exerts its effects on growth. 

### Final Confirmation:
- Option A is not the best answer because it lacks specificity about the indirect role of IGF-1.
- Option C and D do not relate to GH's mechanism of action at all.

Thus, my original answer is confirmed as correct.

The final answer is B."
4,All of the following are surgical options for morbid obesity except -,"To determine which option is not a surgical option for morbid obesity, let's analyze each choice:

A: Adjustable gastric banding - This is a common surgical procedure for morbid obesity, where a band is placed around the upper part of the stomach to create a small pouch.

B: Biliopancreatic diversion - This is a more complex surgical procedure that involves removing a large portion of the stomach and rerouting the small intestine. It is a recognized option for treating morbid obesity.

C: Duodenal Switch - This is a type of weight loss surgery that combines gastric restriction and malabsorption. It is also a recognized surgical option for morbid obesity.

D: Roux en Y Duodenal Bypass - This seems to be a misnomer or confusion with the Roux-en-Y gastric bypass. The Roux-en-Y gastric bypass is a well-known procedure for morbid obesity, but ""duodenal bypass"" is not a standard term used in surgical options for obesity.

Given these analyses, the term ""Roux en Y Duodenal By pass"" does not accurately represent a recognized surgical option for morbid obesity, while all the other options are valid surgical procedures.

Therefore, the correct answer is D.

The final answer is D.",D,0.8518830558464905,D,True,"Sure! Let's break down the reasoning step-by-step to ensure that we arrive at the correct conclusion regarding the surgical options for morbid obesity.

### Step 1: Understanding Morbid Obesity
Morbid obesity is defined as having a body mass index (BMI) of 40 or more, or a BMI of 35 or more with obesity-related health conditions. Surgical options are often considered when lifestyle changes, diet, and medication have not been effective.

### Step 2: Analyzing Each Surgical Option
Now let's examine each option provided in the question:

**A: Adjustable gastric banding**
- This procedure involves placing an adjustable band around the upper part of the stomach, creating a small pouch that limits food intake. It is a recognized and common surgical option for morbid obesity.

**B: Biliopancreatic diversion**
- This is a more involved procedure where a significant portion of the stomach is removed, and the intestines are rearranged to limit food intake and nutrient absorption. It is indeed a valid surgical option for treating morbid obesity.

**C: Duodenal Switch**
- This surgery combines a restrictive component (similar to gastric banding) with a malabsorptive component (like biliopancreatic diversion). It is effective for severe obesity and is recognized as a surgical option.

**D: Roux en Y Duodenal Bypass**
- Here, we encounter a potential issue. The term ""Roux-en-Y"" refers to a specific technique often used in gastric bypass surgeries. The ""Roux-en-Y gastric bypass"" is a well-known weight loss surgery. However, ""duodenal bypass"" is not a standard term generally used in the context of obesity surgery. It seems to be a misnomer or an incorrect combination of terms.

### Step 3: Identifying the Outlier
From our analysis:
- Options A, B, and C are established surgical procedures for morbid obesity.
- Option D, while it may refer to a type of gastric bypass, is not a recognized surgical option due to the incorrect terminology used (""duodenal bypass"").

### Step 4: Conclusion
Based on the definitions and common practices in bariatric surgery, the correct answer to the question ""All of the following are surgical options for morbid obesity except -"" is indeed option D, as it does not accurately represent a recognized procedure.

### Final Verification
I reviewed each option and the definitions of the procedures to ensure accuracy. The confusion around ""duodenal bypass"" leads me to confidently conclude that it is not a recognized surgical option for morbid obesity.

Thus, my answer is consistent with the analysis, and I am confident in the conclusion.

The final answer is D."
